user_id;user_name;ip_address;dns_name
1;SaefZXHLBNHYJznseqBwUUnOe;214.54.188.172;www.fmcdki.lb
2;kcTnDQJNMeTTjQD;77.186.111.79;www.fjyllgv.do
3;QtQisdJSMYlWgeDht;78.222.84.116;www.pridsks.he
4;vQTsJnHEsLAjNTPq;124.224.193.106;www.rjchedv.wg
5;CVUDTFFkNOyGqGqxddRYwlMGp;162.166.26.205;www.axggfm.io
6;srFpeztmFRbkPsumkXjAcvXR;17.11.128.47;www.wxoczi.xf
7;qQLdgIxY;101.174.188.247;www.orewua.lz
8;RUUvCZTUbUdNzmOoBMlGVS;19.212.193.215;www.gxvykfg.rz
9;wUBzFSiEwHJlGz;151.141.164.102;www.vtklao.hg
10;dXZGUdgSPsnAehLrxHw;248.25.166.104;www.dygvfhp.is
